{
  "Sell order Debug Sampler" : {
    "transaction" : "Sell order Debug Sampler",
    "sampleCount" : 1000,
    "errorCount" : 0,
    "errorPct" : 0.0,
    "meanResTime" : 0.3989999999999993,
    "medianResTime" : 0.0,
    "minResTime" : 0.0,
    "maxResTime" : 23.0,
    "pct1ResTime" : 1.0,
    "pct2ResTime" : 1.0,
    "pct3ResTime" : 3.990000000000009,
    "throughput" : 15.11418768798271,
    "receivedKBytesPerSec" : 7.8173707831416355,
    "sentKBytesPerSec" : 0.0
  },
  "Buy order Debug Sampler" : {
    "transaction" : "Buy order Debug Sampler",
    "sampleCount" : 1000,
    "errorCount" : 0,
    "errorPct" : 0.0,
    "meanResTime" : 0.24400000000000005,
    "medianResTime" : 0.0,
    "minResTime" : 0.0,
    "maxResTime" : 6.0,
    "pct1ResTime" : 1.0,
    "pct2ResTime" : 1.0,
    "pct3ResTime" : 1.0,
    "throughput" : 15.20843155445379,
    "receivedKBytesPerSec" : 7.871670304016547,
    "sentKBytesPerSec" : 0.0
  },
  "Login Debug Sampler" : {
    "transaction" : "Login Debug Sampler",
    "sampleCount" : 1000,
    "errorCount" : 0,
    "errorPct" : 0.0,
    "meanResTime" : 5.910999999999995,
    "medianResTime" : 0.0,
    "minResTime" : 0.0,
    "maxResTime" : 152.0,
    "pct1ResTime" : 2.0,
    "pct2ResTime" : 25.899999999999864,
    "pct3ResTime" : 135.99,
    "throughput" : 15.29168896704641,
    "receivedKBytesPerSec" : 7.899800013380228,
    "sentKBytesPerSec" : 0.0
  },
  "Total" : {
    "transaction" : "Total",
    "sampleCount" : 6000,
    "errorCount" : 895,
    "errorPct" : 14.916667,
    "meanResTime" : 6119.163666666657,
    "medianResTime" : 7.5,
    "minResTime" : 0.0,
    "maxResTime" : 77549.0,
    "pct1ResTime" : 19036.7,
    "pct2ResTime" : 24757.84999999999,
    "pct3ResTime" : 45813.56999999997,
    "throughput" : 75.23039307880383,
    "receivedKBytesPerSec" : 48.43198996144443,
    "sentKBytesPerSec" : 18.304201147263495
  },
  "spot tarde (Buy)" : {
    "transaction" : "spot tarde (Buy)",
    "sampleCount" : 1000,
    "errorCount" : 281,
    "errorPct" : 28.1,
    "meanResTime" : 6273.247999999994,
    "medianResTime" : 2816.0,
    "minResTime" : 237.0,
    "maxResTime" : 40434.0,
    "pct1ResTime" : 14840.4,
    "pct2ResTime" : 16166.699999999999,
    "pct3ResTime" : 28549.0,
    "throughput" : 15.0595605620228,
    "receivedKBytesPerSec" : 12.557805770258872,
    "sentKBytesPerSec" : 6.178331786590967
  },
  "Login" : {
    "transaction" : "Login",
    "sampleCount" : 1000,
    "errorCount" : 191,
    "errorPct" : 19.1,
    "meanResTime" : 22551.764000000003,
    "medianResTime" : 19404.0,
    "minResTime" : 8194.0,
    "maxResTime" : 77549.0,
    "pct1ResTime" : 44070.299999999996,
    "pct2ResTime" : 66020.89999999998,
    "pct3ResTime" : 70418.98,
    "throughput" : 12.709064104519344,
    "receivedKBytesPerSec" : 5.2099095551509835,
    "sentKBytesPerSec" : 9.252670293515836
  },
  "spot tarde (Sell)" : {
    "transaction" : "spot tarde (Sell)",
    "sampleCount" : 1000,
    "errorCount" : 423,
    "errorPct" : 42.3,
    "meanResTime" : 7883.416000000005,
    "medianResTime" : 3152.0,
    "minResTime" : 1.0,
    "maxResTime" : 32246.0,
    "pct1ResTime" : 17097.8,
    "pct2ResTime" : 20252.099999999984,
    "pct3ResTime" : 31823.73,
    "throughput" : 15.108935424409996,
    "receivedKBytesPerSec" : 16.128286901686156,
    "sentKBytesPerSec" : 4.8583490088538355
  }
}